[{"fields": {"model": "logentry", "name": "log entry", "app_label": "admin"}, "model": "contenttypes.contenttype", "pk": 1}, {"fields": {"model": "permission", "name": "permission", "app_label": "auth"}, "model": "contenttypes.contenttype", "pk": 2}, {"fields": {"model": "group", "name": "group", "app_label": "auth"}, "model": "contenttypes.contenttype", "pk": 3}, {"fields": {"model": "user", "name": "user", "app_label": "auth"}, "model": "contenttypes.contenttype", "pk": 4}, {"fields": {"model": "contenttype", "name": "content type", "app_label": "contenttypes"}, "model": "contenttypes.contenttype", "pk": 5}, {"fields": {"model": "session", "name": "session", "app_label": "sessions"}, "model": "contenttypes.contenttype", "pk": 6}, {"fields": {"model": "userprofile", "name": "user profile", "app_label": "users"}, "model": "contenttypes.contenttype", "pk": 7}, {"fields": {"model": "programme", "name": "programme", "app_label": "programmes"}, "model": "contenttypes.contenttype", "pk": 8}, {"fields": {"model": "episode", "name": "episode", "app_label": "programmes"}, "model": "contenttypes.contenttype", "pk": 9}, {"fields": {"model": "participant", "name": "contributor", "app_label": "programmes"}, "model": "contenttypes.contenttype", "pk": 10}, {"fields": {"model": "role", "name": "role", "app_label": "programmes"}, "model": "contenttypes.contenttype", "pk": 11}, {"fields": {"model": "podcast", "name": "podcast", "app_label": "programmes"}, "model": "contenttypes.contenttype", "pk": 12}, {"fields": {"model": "scheduleboard", "name": "schedule board", "app_label": "schedules"}, "model": "contenttypes.contenttype", "pk": 13}, {"fields": {"model": "schedule", "name": "schedule", "app_label": "schedules"}, "model": "contenttypes.contenttype", "pk": 14}, {"fields": {"model": "siteconfiguration", "name": "Global Configuration", "app_label": "global_settings"}, "model": "contenttypes.contenttype", "pk": 15}, {"fields": {"model": "podcastconfiguration", "name": "Podcast Configuration", "app_label": "global_settings"}, "model": "contenttypes.contenttype", "pk": 16}, {"fields": {"model": "calendarconfiguration", "name": "Calendar Configuration", "app_label": "global_settings"}, "model": "contenttypes.contenttype", "pk": 17}, {"fields": {"model": "token", "name": "token", "app_label": "authtoken"}, "model": "contenttypes.contenttype", "pk": 18}, {"fields": {"expire_date": "2015-02-23T01:47:25.379", "session_data": "MTYwOGZlYmJjNDE4ODU5NzMwNWFlMzgzNWY3NjBhODlhZmEyM2M2Yjp7fQ=="}, "model": "sessions.session", "pk": "6jemwnf0nbx7o102jp54y7ao6fi7m5p9"}, {"fields": {"expire_date": "2015-01-24T13:35:49.817", "session_data": "NzQ1Mzc2ZTQyNWQ2NGU0YWNjM2JkMjg0NWRkNjM0Y2JmNjRkYzU4MTp7Il9hdXRoX3VzZXJfaGFzaCI6ImU5ZGIyMzdlY2Y3YTE2OTdhOGYxMTExYWU4MDUyYjI2ZmUyMjEwZmIiLCJfYXV0aF91c2VyX2JhY2tlbmQiOiJkamFuZ28uY29udHJpYi5hdXRoLmJhY2tlbmRzLk1vZGVsQmFja2VuZCIsIl9hdXRoX3VzZXJfaWQiOjF9"}, "model": "sessions.session", "pk": "edogkt2tivah2ei7pf3aw1aroaotupy6"}, {"fields": {"expire_date": "2015-01-24T13:02:39.145", "session_data": "MTYwOGZlYmJjNDE4ODU5NzMwNWFlMzgzNWY3NjBhODlhZmEyM2M2Yjp7fQ=="}, "model": "sessions.session", "pk": "grpmwzno29zi2t9n9ha9wybuyjkkxikp"}, {"fields": {"url": "https://ia801407.us.archive.org/14/items/Backstate_Wife/1945-08-10_-_1600_-_Backstage_Wife_-_Mary_And_Larry_See_A_Twenty_Year_Old_Portrait_That_Looks_Exactly_Like_Mary_-_32-22_-_14m13s.mp3", "duration": 900, "length": 0, "mime_type": "audio/mp3"}, "model": "programmes.podcast", "pk": 1}, {"fields": {"name": "Default", "end_date": null, "start_date": "2015-01-01"}, "model": "schedules.scheduleboard", "pk": 1}, {"fields": {"schedule_board": 1, "start_hour": "09:00:00", "source": null, "type": "L", "day": 5, "programme": 3}, "model": "schedules.schedule", "pk": 1}, {"fields": {"schedule_board": 1, "start_hour": "09:00:00", "source": null, "type": "L", "day": 6, "programme": 3}, "model": "schedules.schedule", "pk": 2}, {"fields": {"schedule_board": 1, "start_hour": "08:00:00", "source": null, "type": "L", "day": 0, "programme": 1}, "model": "schedules.schedule", "pk": 3}, {"fields": {"schedule_board": 1, "start_hour": "08:00:00", "source": null, "type": "L", "day": 2, "programme": 1}, "model": "schedules.schedule", "pk": 4}, {"fields": {"schedule_board": 1, "start_hour": "08:00:00", "source": null, "type": "L", "day": 4, "programme": 1}, "model": "schedules.schedule", "pk": 5}, {"fields": {"schedule_board": 1, "start_hour": "10:00:00", "source": null, "type": "L", "day": 1, "programme": 5}, "model": "schedules.schedule", "pk": 7}, {"fields": {"schedule_board": 1, "start_hour": "10:00:00", "source": null, "type": "L", "day": 3, "programme": 5}, "model": "schedules.schedule", "pk": 8}, {"fields": {"schedule_board": 1, "start_hour": "08:00:00", "source": null, "type": "L", "day": 1, "programme": 9}, "model": "schedules.schedule", "pk": 9}, {"fields": {"schedule_board": 1, "start_hour": "08:00:00", "source": null, "type": "L", "day": 3, "programme": 9}, "model": "schedules.schedule", "pk": 10}, {"fields": {"schedule_board": 1, "start_hour": "09:00:00", "source": null, "type": "L", "day": 1, "programme": 4}, "model": "schedules.schedule", "pk": 11}, {"fields": {"schedule_board": 1, "start_hour": "09:00:00", "source": null, "type": "L", "day": 3, "programme": 4}, "model": "schedules.schedule", "pk": 12}, {"fields": {"schedule_board": 1, "start_hour": "09:30:00", "source": null, "type": "L", "day": 5, "programme": 2}, "model": "schedules.schedule", "pk": 13}, {"fields": {"schedule_board": 1, "start_hour": "09:30:00", "source": null, "type": "L", "day": 6, "programme": 2}, "model": "schedules.schedule", "pk": 14}, {"fields": {"schedule_board": 1, "start_hour": "10:00:00", "source": null, "type": "L", "day": 5, "programme": 7}, "model": "schedules.schedule", "pk": 15}, {"fields": {"schedule_board": 1, "start_hour": "10:00:00", "source": null, "type": "L", "day": 2, "programme": 6}, "model": "schedules.schedule", "pk": 17}, {"fields": {"schedule_board": 1, "start_hour": "10:00:00", "source": null, "type": "L", "day": 4, "programme": 8}, "model": "schedules.schedule", "pk": 18}, {"fields": {"schedule_board": 1, "start_hour": "10:00:00", "source": null, "type": "L", "day": 0, "programme": 6}, "model": "schedules.schedule", "pk": 19}, {"fields": {"schedule_board": 1, "start_hour": "12:00:00", "source": null, "type": "L", "day": 0, "programme": 10}, "model": "schedules.schedule", "pk": 20}, {"fields": {"schedule_board": 1, "start_hour": "10:30:00", "source": null, "type": "B", "day": 2, "programme": 9}, "model": "schedules.schedule", "pk": 21}, {"fields": {"schedule_board": 1, "start_hour": "10:30:00", "source": null, "type": "B", "day": 0, "programme": 9}, "model": "schedules.schedule", "pk": 22}, {"fields": {"schedule_board": 1, "start_hour": "10:30:00", "source": null, "type": "B", "day": 4, "programme": 4}, "model": "schedules.schedule", "pk": 24}, {"fields": {"schedule_board": 1, "start_hour": "14:00:00", "source": null, "type": "B", "day": 3, "programme": 5}, "model": "schedules.schedule", "pk": 26}, {"fields": {"schedule_board": 1, "start_hour": "14:00:00", "source": null, "type": "B", "day": 1, "programme": 5}, "model": "schedules.schedule", "pk": 27}, {"fields": {"schedule_board": 1, "start_hour": "11:30:00", "source": null, "type": "B", "day": 0, "programme": 3}, "model": "schedules.schedule", "pk": 30}, {"fields": {"schedule_board": 1, "start_hour": "11:00:00", "source": null, "type": "B", "day": 5, "programme": 1}, "model": "schedules.schedule", "pk": 31}, {"fields": {"schedule_board": 1, "start_hour": "11:00:00", "source": null, "type": "B", "day": 6, "programme": 1}, "model": "schedules.schedule", "pk": 32}, {"fields": {"schedule_board": 1, "start_hour": "13:00:00", "source": null, "type": "B", "day": 5, "programme": 9}, "model": "schedules.schedule", "pk": 34}, {"fields": {"schedule_board": 1, "start_hour": "13:00:00", "source": null, "type": "B", "day": 6, "programme": 7}, "model": "schedules.schedule", "pk": 36}, {"fields": {"schedule_board": 1, "start_hour": "10:00:00", "source": null, "type": "B", "day": 6, "programme": 4}, "model": "schedules.schedule", "pk": 37}, {"fields": {"schedule_board": 1, "start_hour": "14:00:00", "source": null, "type": "L", "day": 0, "programme": 11}, "model": "schedules.schedule", "pk": 42}, {"fields": {"schedule_board": 1, "start_hour": "14:00:00", "source": null, "type": "L", "day": 2, "programme": 11}, "model": "schedules.schedule", "pk": 43}, {"fields": {"schedule_board": 1, "start_hour": "14:00:00", "source": null, "type": "L", "day": 4, "programme": 11}, "model": "schedules.schedule", "pk": 44}, {"fields": {"schedule_board": 1, "start_hour": "15:00:00", "source": null, "type": "B", "day": 5, "programme": 11}, "model": "schedules.schedule", "pk": 45}, {"fields": {"schedule_board": 1, "start_hour": "15:00:00", "source": null, "type": "B", "day": 6, "programme": 11}, "model": "schedules.schedule", "pk": 46}, {"fields": {"schedule_board": 1, "start_hour": "16:00:00", "source": null, "type": "B", "day": 1, "programme": 11}, "model": "schedules.schedule", "pk": 47}, {"fields": {"schedule_board": 1, "start_hour": "16:00:00", "source": null, "type": "B", "day": 3, "programme": 11}, "model": "schedules.schedule", "pk": 48}, {"fields": {"schedule_board": 1, "start_hour": "12:00:00", "source": null, "type": "B", "day": 1, "programme": 7}, "model": "schedules.schedule", "pk": 49}, {"fields": {"schedule_board": 1, "start_hour": "11:30:00", "source": null, "type": "L", "day": 2, "programme": 7}, "model": "schedules.schedule", "pk": 50}, {"fields": {"schedule_board": 1, "start_hour": "11:30:00", "source": null, "type": "L", "day": 4, "programme": 7}, "model": "schedules.schedule", "pk": 51}, {"fields": {"schedule_board": 1, "start_hour": "12:00:00", "source": null, "type": "B", "day": 3, "programme": 6}, "model": "schedules.schedule", "pk": 52}, {"fields": {"schedule_board": 1, "start_hour": "16:00:00", "source": null, "type": "L", "day": 0, "programme": 12}, "model": "schedules.schedule", "pk": 55}, {"fields": {"schedule_board": 1, "start_hour": "16:00:00", "source": null, "type": "L", "day": 2, "programme": 12}, "model": "schedules.schedule", "pk": 56}, {"fields": {"schedule_board": 1, "start_hour": "16:00:00", "source": null, "type": "B", "day": 4, "programme": 12}, "model": "schedules.schedule", "pk": 57}, {"fields": {"schedule_board": 1, "start_hour": "17:00:00", "source": null, "type": "S", "day": 5, "programme": 13}, "model": "schedules.schedule", "pk": 58}, {"fields": {"schedule_board": 1, "start_hour": "17:00:00", "source": null, "type": "S", "day": 6, "programme": 13}, "model": "schedules.schedule", "pk": 59}, {"fields": {"site_name": "RadioCo", "footer": ""}, "model": "global_settings.siteconfiguration", "pk": 1}, {"fields": {"min_time": "08:00:00", "scroll_time": "00:00:00", "first_day": 0, "max_time": "18:00:00"}, "model": "global_settings.calendarconfiguration", "pk": 1}, {"fields": {"codename": "add_logentry", "name": "Can add log entry", "content_type": 1}, "model": "auth.permission", "pk": 1}, {"fields": {"codename": "change_logentry", "name": "Can change log entry", "content_type": 1}, "model": "auth.permission", "pk": 2}, {"fields": {"codename": "delete_logentry", "name": "Can delete log entry", "content_type": 1}, "model": "auth.permission", "pk": 3}, {"fields": {"codename": "add_permission", "name": "Can add permission", "content_type": 2}, "model": "auth.permission", "pk": 4}, {"fields": {"codename": "change_permission", "name": "Can change permission", "content_type": 2}, "model": "auth.permission", "pk": 5}, {"fields": {"codename": "delete_permission", "name": "Can delete permission", "content_type": 2}, "model": "auth.permission", "pk": 6}, {"fields": {"codename": "add_group", "name": "Can add group", "content_type": 3}, "model": "auth.permission", "pk": 7}, {"fields": {"codename": "change_group", "name": "Can change group", "content_type": 3}, "model": "auth.permission", "pk": 8}, {"fields": {"codename": "delete_group", "name": "Can delete group", "content_type": 3}, "model": "auth.permission", "pk": 9}, {"fields": {"codename": "add_user", "name": "Can add user", "content_type": 4}, "model": "auth.permission", "pk": 10}, {"fields": {"codename": "change_user", "name": "Can change user", "content_type": 4}, "model": "auth.permission", "pk": 11}, {"fields": {"codename": "delete_user", "name": "Can delete user", "content_type": 4}, "model": "auth.permission", "pk": 12}, {"fields": {"codename": "add_contenttype", "name": "Can add content type", "content_type": 5}, "model": "auth.permission", "pk": 13}, {"fields": {"codename": "change_contenttype", "name": "Can change content type", "content_type": 5}, "model": "auth.permission", "pk": 14}, {"fields": {"codename": "delete_contenttype", "name": "Can delete content type", "content_type": 5}, "model": "auth.permission", "pk": 15}, {"fields": {"codename": "add_session", "name": "Can add session", "content_type": 6}, "model": "auth.permission", "pk": 16}, {"fields": {"codename": "change_session", "name": "Can change session", "content_type": 6}, "model": "auth.permission", "pk": 17}, {"fields": {"codename": "delete_session", "name": "Can delete session", "content_type": 6}, "model": "auth.permission", "pk": 18}, {"fields": {"codename": "change_userprofile", "name": "Can change user profile", "content_type": 7}, "model": "auth.permission", "pk": 19}, {"fields": {"codename": "add_programme", "name": "Can add programme", "content_type": 8}, "model": "auth.permission", "pk": 20}, {"fields": {"codename": "change_programme", "name": "Can change programme", "content_type": 8}, "model": "auth.permission", "pk": 21}, {"fields": {"codename": "delete_programme", "name": "Can delete programme", "content_type": 8}, "model": "auth.permission", "pk": 22}, {"fields": {"codename": "see_all_programmes", "name": "Can see all programmes", "content_type": 8}, "model": "auth.permission", "pk": 23}, {"fields": {"codename": "add_episode", "name": "Can add episode", "content_type": 9}, "model": "auth.permission", "pk": 24}, {"fields": {"codename": "change_episode", "name": "Can change episode", "content_type": 9}, "model": "auth.permission", "pk": 25}, {"fields": {"codename": "delete_episode", "name": "Can delete episode", "content_type": 9}, "model": "auth.permission", "pk": 26}, {"fields": {"codename": "see_all_episodes", "name": "Can see all episodes", "content_type": 9}, "model": "auth.permission", "pk": 27}, {"fields": {"codename": "add_participant", "name": "Can add contributor", "content_type": 10}, "model": "auth.permission", "pk": 28}, {"fields": {"codename": "change_participant", "name": "Can change contributor", "content_type": 10}, "model": "auth.permission", "pk": 29}, {"fields": {"codename": "delete_participant", "name": "Can delete contributor", "content_type": 10}, "model": "auth.permission", "pk": 30}, {"fields": {"codename": "see_all_participants", "name": "Can see all participants", "content_type": 10}, "model": "auth.permission", "pk": 31}, {"fields": {"codename": "add_role", "name": "Can add role", "content_type": 11}, "model": "auth.permission", "pk": 32}, {"fields": {"codename": "change_role", "name": "Can change role", "content_type": 11}, "model": "auth.permission", "pk": 33}, {"fields": {"codename": "delete_role", "name": "Can delete role", "content_type": 11}, "model": "auth.permission", "pk": 34}, {"fields": {"codename": "see_all_roles", "name": "Can see all roles", "content_type": 11}, "model": "auth.permission", "pk": 35}, {"fields": {"codename": "add_podcast", "name": "Can add podcast", "content_type": 12}, "model": "auth.permission", "pk": 36}, {"fields": {"codename": "change_podcast", "name": "Can change podcast", "content_type": 12}, "model": "auth.permission", "pk": 37}, {"fields": {"codename": "delete_podcast", "name": "Can delete podcast", "content_type": 12}, "model": "auth.permission", "pk": 38}, {"fields": {"codename": "add_scheduleboard", "name": "Can add schedule board", "content_type": 13}, "model": "auth.permission", "pk": 39}, {"fields": {"codename": "change_scheduleboard", "name": "Can change schedule board", "content_type": 13}, "model": "auth.permission", "pk": 40}, {"fields": {"codename": "delete_scheduleboard", "name": "Can delete schedule board", "content_type": 13}, "model": "auth.permission", "pk": 41}, {"fields": {"codename": "add_schedule", "name": "Can add schedule", "content_type": 14}, "model": "auth.permission", "pk": 42}, {"fields": {"codename": "change_schedule", "name": "Can change schedule", "content_type": 14}, "model": "auth.permission", "pk": 43}, {"fields": {"codename": "delete_schedule", "name": "Can delete schedule", "content_type": 14}, "model": "auth.permission", "pk": 44}, {"fields": {"codename": "change_siteconfiguration", "name": "Can change Global Configuration", "content_type": 15}, "model": "auth.permission", "pk": 45}, {"fields": {"codename": "change_podcastconfiguration", "name": "Can change Podcast Configuration", "content_type": 16}, "model": "auth.permission", "pk": 46}, {"fields": {"codename": "change_calendarconfiguration", "name": "Can change Calendar Configuration", "content_type": 17}, "model": "auth.permission", "pk": 47}, {"fields": {"codename": "add_token", "name": "Can add token", "content_type": 18}, "model": "auth.permission", "pk": 48}, {"fields": {"codename": "change_token", "name": "Can change token", "content_type": 18}, "model": "auth.permission", "pk": 49}, {"fields": {"codename": "delete_token", "name": "Can delete token", "content_type": 18}, "model": "auth.permission", "pk": 50}, {"fields": {"username": "admin", "first_name": "", "last_name": "", "is_active": true, "is_superuser": true, "is_staff": true, "last_login": "2015-02-09T01:47:07.414", "groups": [], "user_permissions": [], "password": "pbkdf2_sha256$12000$rMkuYrkiMJMI$r3OhipeXvx0YwtINfAOxEUvb88ByzYBdaU0X0JtrDJ4=", "email": "", "date_joined": "2015-01-10T11:50:11"}, "model": "auth.user", "pk": 1}, {"fields": {"username": "Tom", "first_name": "Thomas", "last_name": "Breneman Smith", "is_active": true, "is_superuser": false, "is_staff": false, "last_login": "2015-01-10T11:59:39", "groups": [], "user_permissions": [], "password": "pbkdf2_sha256$12000$gYTwMP5vF08w$/TMXS9CgjTg0u1dtk4b+QOiqrcv2EoO9xxA6AJ7lUIs=", "email": "", "date_joined": "2015-01-10T11:59:39"}, "model": "auth.user", "pk": 2}, {"fields": {"username": "Nick", "first_name": "Nicholas Campbell", "last_name": "Clarke", "is_active": true, "is_superuser": false, "is_staff": false, "last_login": "2015-01-10T12:08:33", "groups": [], "user_permissions": [], "password": "pbkdf2_sha256$12000$56c1YvG91P7j$hYUZR/C05Lffy9pIu/I3VMcBS+H+IJEAuRg+yS3wIac=", "email": "", "date_joined": "2015-01-10T12:08:33"}, "model": "auth.user", "pk": 3}, {"fields": {"username": "Pierre", "first_name": "", "last_name": "", "is_active": true, "is_superuser": false, "is_staff": false, "last_login": "2015-01-10T12:29:04", "groups": [], "user_permissions": [], "password": "pbkdf2_sha256$12000$gPLllGM08SR6$X72GUPWJy0c/ra4pZ2WBsg4oirWDHG84hd2R8KFl/jg=", "email": "", "date_joined": "2015-01-10T12:29:04"}, "model": "auth.user", "pk": 4}, {"fields": {"username": "Norman", "first_name": "Norman", "last_name": "Vincent Peale", "is_active": true, "is_superuser": false, "is_staff": false, "last_login": "2015-01-10T12:38:43", "groups": [], "user_permissions": [], "password": "pbkdf2_sha256$12000$hrzNR7lso08i$+M7CBC+xfKz3APbTfWJ4XuLmdUE435avC+uUQ8Z+n7o=", "email": "", "date_joined": "2015-01-10T12:38:43"}, "model": "auth.user", "pk": 5}, {"fields": {"display_personal_page": false, "bio": "", "slug": "admin", "user": 1, "avatar": "/static/radio/images/default-userprofile-avatar.jpg"}, "model": "users.userprofile", "pk": 1}, {"fields": {"display_personal_page": true, "bio": "Thomas Breneman Smith (June 18, 1901 \u2013 April 28, 1948) was a popular 1940s American radio personality known to his listeners as Tom Breneman.", "slug": "tom", "user": 2, "avatar": "/static/radio/images/default-userprofile-avatar.jpg"}, "model": "users.userprofile", "pk": 2}, {"fields": {"display_personal_page": true, "bio": "Nicholas Campbell Clarke (9 June 1948 \u2013 23 November 2006), was an English radio and television presenter and journalist, primarily known for his work on BBC Radio 4.", "slug": "nick", "user": 3, "avatar": "/static/radio/images/default-userprofile-avatar.jpg"}, "model": "users.userprofile", "pk": 3}, {"fields": {"display_personal_page": true, "bio": "The announcer Pierre Andre had a strong identification with the sponsor's product and thus continued as the announcer of Captain Midnight.", "slug": "pierre", "user": 4, "avatar": "/static/radio/images/default-userprofile-avatar.jpg"}, "model": "users.userprofile", "pk": 4}, {"fields": {"display_personal_page": true, "bio": "Peale was born in Bowersville, Ohio, the oldest of three sons of Charles and Anna (n\u00e9e Delaney) Peale. He graduated from Bellefontaine High School, Bellefontaine, Ohio. He earned degrees at Ohio Wesleyan University (where he became a brother of the Fraternity of Phi Gamma Delta) and Boston University School of Theology.", "slug": "norman", "user": 5, "avatar": "/static/radio/images/default-userprofile-avatar.jpg"}, "model": "users.userprofile", "pk": 5}, {"fields": {"category": "Comedy", "end_date": null, "name": "Breakfast in Hollywood", "language": "en", "current_season": 1, "photo": "/static/radio/images/default-programme-photo.jpg", "slug": "breakfast-in-hollywood", "synopsis": "Breakfast in Hollywood was a popular morning radio show created and hosted by Tom Breneman who broadcast from 1941 to 1948 on three different radio networks: NBC, ABC and Mutual. These unscripted shows were spontaneous and involved much audience participation. Breneman's many guests included such stars as Jimmy Durante, Andy Devine and Orson Welles.", "_runtime": 120, "start_date": "2015-01-01"}, "model": "programmes.programme", "pk": 1}, {"fields": {"category": "Comedy", "end_date": null, "name": "Whose Line Is It Anyway?", "language": "en", "current_season": 1, "photo": "/static/radio/images/default-programme-photo.jpg", "slug": "whose-line-is-it-anyway", "synopsis": "Whose Line Is It Anyway? (abbreviated to Whose Line? or WLIIA) is a short-form improvisational comedy radio programme. A television series of the same name was based on it in 1988. Following the conclusion of the British run in 1998, ABC began airing a version for the United States audience.", "_runtime": 30, "start_date": "2015-01-01"}, "model": "programmes.programme", "pk": 2}, {"fields": {"category": "News & Politics", "end_date": null, "name": "The World This Weekend", "language": "en", "current_season": 1, "photo": "/static/radio/images/default-programme-photo.jpg", "slug": "the-world-this-weekend", "synopsis": "The World This Weekend was launched on 17 September 1967 long after the Canadian Broadcasting corporation (CBC) Saturday and Sunday show launched in the fall of 1966.", "_runtime": 30, "start_date": "2015-01-01"}, "model": "programmes.programme", "pk": 3}, {"fields": {"category": "Comedy", "end_date": null, "name": "Stop Me If You've Heard This One", "language": "en", "current_season": 1, "photo": "/static/radio/images/default-programme-photo.jpg", "slug": "stop-me-if-youve-heard-this-one", "synopsis": "Stop Me If You've Heard This One was a comedy radio series, created by the actor-humorist Cal Tinney (February 2, 1908-December 2, 1993) and sponsored by Quaker Oats. Hosted by Milton Berle, it aired Saturday evenings at 8:30pm on NBC beginning October 7, 1939.\r\n\r\nJokes by Lehr, Tinney, Bower and Rubin were collected in Stop Me If You've Heard This One, a 1949 Permabook published by Garden City Publishing. Permabooks were designed with an unusual format of a paperback bound with stiff cardboard covers (with a \"special wear-resistant finish\") to simulate the look and feel of a hardcover book, and the company had previously published Best Jokes for All Occasions, edited by Powers Moulton.", "_runtime": 60, "start_date": "2015-01-01"}, "model": "programmes.programme", "pk": 4}, {"fields": {"category": "Science & Medicine", "end_date": null, "name": "The Strange Dr. Weird", "language": "en", "current_season": 1, "photo": "/static/radio/images/default-programme-photo.jpg", "slug": "the-strange-dr-weird", "synopsis": "Sponsored by Adam Hats, the drama is notable in part because it was a sister series to The Mysterious Traveler, both in theme and its narrator. Maurice Tarplin, who was also the creepy voice of The Mysterious Traveler. Many of the scripts were condensed 15-minute versions of scripts originally broadcast on The Mysterious Traveler.", "_runtime": 120, "start_date": "2015-01-01"}, "model": "programmes.programme", "pk": 5}, {"fields": {"category": null, "end_date": null, "name": "The Sealed Book", "language": "en", "current_season": 1, "photo": "/static/radio/images/default-programme-photo.jpg", "slug": "the-sealed-book", "synopsis": "The Sealed Book was a radio series of mystery and terror tales, produced and directed by Jock MacGregor for the Mutual network. Between March 18 and September 9, 1945, the melodramatic anthology series was broadcast on Sundays from 10:30pm to 11:00pm.", "_runtime": 30, "start_date": "2015-01-01"}, "model": "programmes.programme", "pk": 6}, {"fields": {"category": null, "end_date": null, "name": "The Roy Rogers Show", "language": "en", "current_season": 1, "photo": "/static/radio/images/default-programme-photo.jpg", "slug": "the-roy-rogers-show", "synopsis": "The Roy Rogers Show was a 30-minute Western radio program in the United States. It began in 1944, ended in 1955, and was carried on more than 500 stations.\r\n\r\nLike the television program of the same name, the show centered on Roy Rogers, one of the most popular singing-cowboy movie stars. ", "_runtime": 60, "start_date": "2015-01-01"}, "model": "programmes.programme", "pk": 7}, {"fields": {"category": "Kids & Family", "end_date": null, "name": "The Casebook of Gregory Hood", "language": "en", "current_season": 1, "photo": "/static/radio/images/default-programme-photo.jpg", "slug": "the-casebook-of-gregory-hood", "synopsis": "The Casebook of Gregory Hood was a radio detective program in the United States. It existed in several versions - with different stars on different networks in different years. Hood was an importer in San Francisco who dealt in rare items.", "_runtime": 30, "start_date": "2015-01-01"}, "model": "programmes.programme", "pk": 8}, {"fields": {"category": "TV & Film", "end_date": null, "name": "Captain Midnight", "language": "en", "current_season": 120, "photo": "/static/radio/images/default-programme-photo.jpg", "slug": "captain-midnight", "synopsis": "Captain Midnight (later rebranded on television as Jet Jackson, Flying Commando) is a U.S. adventure franchise first broadcast as a radio serial from 1938 to 1949.", "_runtime": 60, "start_date": "2015-01-01"}, "model": "programmes.programme", "pk": 9}, {"fields": {"category": "Arts", "end_date": null, "name": "Backstage Wife", "language": "en", "current_season": 1, "photo": "/static/radio/images/default-programme-photo.jpg", "slug": "backstage-wife", "synopsis": "Backstage Wife is an American soap opera radio program that details the travails of Mary Noble, a girl from a small town in Iowa who came to New York seeking her future.\r\n\r\nVivian Fridell had the title role from 1935 until the early 1940s. It was then taken over by Claire Niesen, who continued as Mary Noble until the end of the series. Mary's husband, Larry Noble, was portrayed by Ken Griffin, then James Meighan and finally, Guy Sorel. The music was supplied by organist Chet Kingsbury.", "_runtime": 60, "start_date": "2015-01-01"}, "model": "programmes.programme", "pk": 10}, {"fields": {"category": "Arts", "end_date": null, "name": "The Art of Living", "language": "en", "current_season": 1, "photo": "/static/radio/images/default-programme-photo.jpg", "slug": "the-art-of-living", "synopsis": "Peale started a radio program, \"The Art of Living,\" in 1935, which lasted for 54 years. Under sponsorship of the National Council of Churches he moved into television when the new medium arrived. In the meantime he had begun to edit the magazine Guideposts and to write books. His sermons were mailed monthly.", "_runtime": 120, "start_date": "2015-01-01"}, "model": "programmes.programme", "pk": 11}, {"fields": {"category": "Comedy", "end_date": null, "name": "One Man's Family", "language": "en", "current_season": 1, "photo": "/static/radio/images/default-programme-photo.jpg", "slug": "one-mans-family", "synopsis": "One Man's Family, is an American radio soap opera, heard for almost three decades, from 1932 to 1959. Created by Carlton E. Morse, it was the longest-running uninterrupted dramatic serial in the history of American radio. Television versions of the series aired in prime time from 1949 to 1952 and in daytime from 1954 to 1955.", "_runtime": 120, "start_date": "2015-01-01"}, "model": "programmes.programme", "pk": 12}, {"fields": {"category": "News & Politics", "end_date": null, "name": "Religion in the News", "language": "en", "current_season": 1, "photo": "/static/radio/images/default-programme-photo.jpg", "slug": "religion-in-the-news", "synopsis": "News about Religion and Belief, including commentary and archival articles", "_runtime": 60, "start_date": "2015-01-01"}, "model": "programmes.programme", "pk": 13}, {"fields": {"issue_date": "2015-01-12T12:00:00", "title": "Mary And Larry See A Twenty Year Old Portrait That Looks Exactly Like Mary", "season": 1, "summary": "", "number_in_season": 1, "programme": 10}, "model": "programmes.episode", "pk": 1}, {"fields": {"person": 4, "role": "PR", "episode": 1, "description": "Pierre Andre (1899-1962) was the announcer for Backstage Wife during the 1930s."}, "model": "programmes.participant", "pk": 1}, {"fields": {"person": 2, "date_joined": "2015-01-10", "role": "PR", "description": "", "programme": 1}, "model": "programmes.role", "pk": 1}, {"fields": {"person": 3, "date_joined": "2015-01-10", "role": "PR", "description": "My first major job in radio was on BBC Radio 4's The World This Weekend. ", "programme": 3}, "model": "programmes.role", "pk": 2}, {"fields": {"person": 4, "date_joined": "2015-01-10", "role": "PR", "description": "Pierre Andre (1899-1962) was the announcer for Backstage Wife during the 1930s.", "programme": 10}, "model": "programmes.role", "pk": 3}, {"fields": {"person": 5, "date_joined": "2015-01-10", "role": "NO", "description": "", "programme": 11}, "model": "programmes.role", "pk": 4}, {"fields": {"action_flag": 1, "action_time": "2015-01-10T11:59:40.103", "object_repr": "Tom", "object_id": "2", "change_message": "", "user": 1, "content_type": 4}, "model": "admin.logentry", "pk": 1}, {"fields": {"action_flag": 1, "action_time": "2015-01-10T12:00:08.700", "object_repr": "Breakfast in Hollywood", "object_id": "1", "change_message": "", "user": 1, "content_type": 8}, "model": "admin.logentry", "pk": 2}, {"fields": {"action_flag": 1, "action_time": "2015-01-10T12:05:19.102", "object_repr": "Whose Line Is It Anyway?", "object_id": "2", "change_message": "", "user": 1, "content_type": 8}, "model": "admin.logentry", "pk": 3}, {"fields": {"action_flag": 1, "action_time": "2015-01-10T12:08:33.217", "object_repr": "Nick", "object_id": "3", "change_message": "", "user": 1, "content_type": 4}, "model": "admin.logentry", "pk": 4}, {"fields": {"action_flag": 2, "action_time": "2015-01-10T12:09:05.175", "object_repr": "Nick", "object_id": "3", "change_message": "Changed first_name and last_name.", "user": 1, "content_type": 4}, "model": "admin.logentry", "pk": 5}, {"fields": {"action_flag": 2, "action_time": "2015-01-10T12:09:54.484", "object_repr": "Tom", "object_id": "2", "change_message": "Changed first_name and last_name.", "user": 1, "content_type": 4}, "model": "admin.logentry", "pk": 6}, {"fields": {"action_flag": 1, "action_time": "2015-01-10T12:14:02.176", "object_repr": "The World This Weekend", "object_id": "3", "change_message": "", "user": 1, "content_type": 8}, "model": "admin.logentry", "pk": 7}, {"fields": {"action_flag": 2, "action_time": "2015-01-10T12:14:59.785", "object_repr": "The World This Weekend", "object_id": "3", "change_message": "Changed category and language.", "user": 1, "content_type": 8}, "model": "admin.logentry", "pk": 8}, {"fields": {"action_flag": 1, "action_time": "2015-01-10T12:18:02.815", "object_repr": "Stop Me If You've Heard This One", "object_id": "4", "change_message": "", "user": 1, "content_type": 8}, "model": "admin.logentry", "pk": 9}, {"fields": {"action_flag": 1, "action_time": "2015-01-10T12:19:30.737", "object_repr": "The Strange Dr. Weird", "object_id": "5", "change_message": "", "user": 1, "content_type": 8}, "model": "admin.logentry", "pk": 10}, {"fields": {"action_flag": 1, "action_time": "2015-01-10T12:20:49.748", "object_repr": "The Sealed Book", "object_id": "6", "change_message": "", "user": 1, "content_type": 8}, "model": "admin.logentry", "pk": 11}, {"fields": {"action_flag": 1, "action_time": "2015-01-10T12:22:34.212", "object_repr": "The Roy Rogers Show", "object_id": "7", "change_message": "", "user": 1, "content_type": 8}, "model": "admin.logentry", "pk": 12}, {"fields": {"action_flag": 1, "action_time": "2015-01-10T12:25:19.577", "object_repr": "The Casebook of Gregory Hood", "object_id": "8", "change_message": "", "user": 1, "content_type": 8}, "model": "admin.logentry", "pk": 13}, {"fields": {"action_flag": 2, "action_time": "2015-01-10T12:25:21.936", "object_repr": "The Casebook of Gregory Hood", "object_id": "8", "change_message": "No fields changed.", "user": 1, "content_type": 8}, "model": "admin.logentry", "pk": 14}, {"fields": {"action_flag": 1, "action_time": "2015-01-10T12:27:02.981", "object_repr": "Captain Midnight", "object_id": "9", "change_message": "", "user": 1, "content_type": 8}, "model": "admin.logentry", "pk": 15}, {"fields": {"action_flag": 1, "action_time": "2015-01-10T12:28:07.957", "object_repr": "Backstage Wife", "object_id": "10", "change_message": "", "user": 1, "content_type": 8}, "model": "admin.logentry", "pk": 16}, {"fields": {"action_flag": 1, "action_time": "2015-01-10T12:29:04.665", "object_repr": "Pierre", "object_id": "4", "change_message": "", "user": 1, "content_type": 4}, "model": "admin.logentry", "pk": 17}, {"fields": {"action_flag": 2, "action_time": "2015-01-10T12:29:06.916", "object_repr": "Backstage Wife", "object_id": "10", "change_message": "Added role \"Backstage Wife: Pierre\".", "user": 1, "content_type": 8}, "model": "admin.logentry", "pk": 18}, {"fields": {"action_flag": 2, "action_time": "2015-01-10T12:29:12.634", "object_repr": "Backstage Wife", "object_id": "10", "change_message": "Changed role for role \"Backstage Wife: Pierre\".", "user": 1, "content_type": 8}, "model": "admin.logentry", "pk": 19}, {"fields": {"action_flag": 2, "action_time": "2015-01-10T12:29:32.146", "object_repr": "Backstage Wife", "object_id": "10", "change_message": "Changed description for role \"Backstage Wife: Pierre\".", "user": 1, "content_type": 8}, "model": "admin.logentry", "pk": 20}, {"fields": {"action_flag": 2, "action_time": "2015-01-10T12:31:03.453", "object_repr": "Default", "object_id": "1", "change_message": "Changed name and start_date.", "user": 1, "content_type": 13}, "model": "admin.logentry", "pk": 21}, {"fields": {"action_flag": 1, "action_time": "2015-01-10T12:38:43.271", "object_repr": "Norman", "object_id": "5", "change_message": "", "user": 1, "content_type": 4}, "model": "admin.logentry", "pk": 22}, {"fields": {"action_flag": 2, "action_time": "2015-01-10T12:39:35.953", "object_repr": "Norman", "object_id": "5", "change_message": "Changed first_name and last_name. Changed bio for user profile \"Norman's profile\".", "user": 1, "content_type": 4}, "model": "admin.logentry", "pk": 23}, {"fields": {"action_flag": 1, "action_time": "2015-01-10T12:39:51.257", "object_repr": "The Art of Living", "object_id": "11", "change_message": "", "user": 1, "content_type": 8}, "model": "admin.logentry", "pk": 24}, {"fields": {"action_flag": 2, "action_time": "2015-01-10T12:40:02.505", "object_repr": "The Art of Living", "object_id": "11", "change_message": "No fields changed.", "user": 1, "content_type": 8}, "model": "admin.logentry", "pk": 25}, {"fields": {"action_flag": 1, "action_time": "2015-01-10T12:45:52.969", "object_repr": "One Man's Family", "object_id": "12", "change_message": "", "user": 1, "content_type": 8}, "model": "admin.logentry", "pk": 26}, {"fields": {"action_flag": 2, "action_time": "2015-01-10T12:47:31.264", "object_repr": "Pierre", "object_id": "4", "change_message": "Changed display_personal_page for user profile \"Pierre's profile\".", "user": 1, "content_type": 4}, "model": "admin.logentry", "pk": 27}, {"fields": {"action_flag": 2, "action_time": "2015-01-10T12:47:39.722", "object_repr": "admin", "object_id": "1", "change_message": "No fields changed.", "user": 1, "content_type": 4}, "model": "admin.logentry", "pk": 28}, {"fields": {"action_flag": 2, "action_time": "2015-01-10T12:49:49.971", "object_repr": "Pierre", "object_id": "4", "change_message": "Changed bio for user profile \"Pierre's profile\".", "user": 1, "content_type": 4}, "model": "admin.logentry", "pk": 29}, {"fields": {"action_flag": 1, "action_time": "2015-01-10T12:52:09.063", "object_repr": "Religion in the News", "object_id": "13", "change_message": "", "user": 1, "content_type": 8}, "model": "admin.logentry", "pk": 30}, {"fields": {"action_flag": 2, "action_time": "2015-01-10T12:52:12.967", "object_repr": "Religion in the News", "object_id": "13", "change_message": "No fields changed.", "user": 1, "content_type": 8}, "model": "admin.logentry", "pk": 31}, {"fields": {"action_flag": 2, "action_time": "2015-01-10T12:53:19.885", "object_repr": "Calendar Configuration", "object_id": "1", "change_message": "Changed min_time and max_time.", "user": 1, "content_type": 17}, "model": "admin.logentry", "pk": 32}, {"fields": {"action_flag": 2, "action_time": "2015-01-10T13:01:38.635", "object_repr": "The Art of Living", "object_id": "11", "change_message": "Changed language.", "user": 1, "content_type": 8}, "model": "admin.logentry", "pk": 33}, {"fields": {"action_flag": 2, "action_time": "2015-01-10T13:01:59.149", "object_repr": "The Strange Dr. Weird", "object_id": "5", "change_message": "Changed language.", "user": 1, "content_type": 8}, "model": "admin.logentry", "pk": 34}, {"fields": {"action_flag": 1, "action_time": "2015-01-10T13:40:47.095", "object_repr": "1x1 Backstage Wife", "object_id": "1", "change_message": "", "user": 1, "content_type": 9}, "model": "admin.logentry", "pk": 35}]